Order_ID,Customer_ID,Product_Category,Product_Price,Order_Quantity,Shipping_Method,Payment_Method,Customer_Rating,Delivery_Days,Return_Reason,Return_Status,Return_Cost,Profit_Loss,Packaging_Waste,CO2_Emissions,Sustainability_Score,Order_Date,Days_to_Return
ORD00001,CUST2400,Electronics,38248,4,Standard,Credit Card,3,3,Not Returned,No,0.0,7649.6,0.14,2.3,58,2025-06-17,0
ORD00002,CUST2981,Books,33817,2,Standard,COD,1,3,Not Returned,No,0.0,6763.4,0.99,4.09,45,2025-07-08,0
ORD00003,CUST3297,Books,2212,5,Standard,COD,2,4,Changed Mind,Yes,175.63,266.77,0.68,10.34,89,2025-06-02,17
ORD00004,CUST4093,Clothing,33267,4,Same Day,Debit Card,5,2,Not Returned,No,0.0,6653.4,0.41,0.93,84,2025-10-19,0
ORD00005,CUST3513,Sports,33640,2,Standard,UPI,1,10,Not Returned,No,0.0,6728.0,1.08,2.75,64,2025-05-01,0
ORD00006,CUST3221,Electronics,9994,5,Express,COD,2,4,Not Returned,No,0.0,1998.8,0.3,16.72,98,2025-09-20,0
ORD00007,CUST5542,Electronics,2517,1,Express,Debit Card,3,7,Damaged,Yes,343.73,159.67,0.65,8.04,81,2025-06-21,21
ORD00008,CUST6014,Sports,15246,1,Standard,Debit Card,1,3,Not Returned,No,0.0,3049.2,0.63,19.39,49,2025-07-17,0
ORD00009,CUST4034,Electronics,33339,1,Standard,Debit Card,1,4,Not Returned,No,0.0,6667.8,2.36,5.76,42,2025-06-06,0
ORD00010,CUST2983,Beauty,49919,4,Same Day,Debit Card,2,9,Not Returned,No,0.0,9983.8,2.07,10.17,85,2025-03-16,0
ORD00011,CUST8900,Books,11582,2,Standard,PayPal,3,4,Not Returned,No,0.0,2316.4,0.56,6.83,94,2025-05-07,0
ORD00012,CUST8909,Books,19008,3,Express,Credit Card,4,7,Not Returned,No,0.0,3801.6,2.17,19.27,66,2025-10-28,0
ORD00013,CUST7520,Electronics,21151,3,Same Day,UPI,1,6,Not Returned,No,0.0,4230.2,1.41,6.1,75,2025-02-20,0
ORD00014,CUST7417,Beauty,4741,1,Same Day,PayPal,2,8,Not Returned,No,0.0,948.2,0.81,7.66,65,2025-10-27,0
ORD00015,CUST4066,Electronics,4444,3,Standard,UPI,2,3,Changed Mind,Yes,588.07,300.73,1.69,12.28,71,2025-01-19,10
ORD00016,CUST7449,Books,20271,5,Standard,Credit Card,4,1,Not Returned,No,0.0,4054.2,1.98,13.36,58,2025-02-08,0
ORD00017,CUST3393,Books,5058,4,Express,Debit Card,1,2,Not Returned,No,0.0,1011.6,0.58,11.07,95,2025-08-17,0
ORD00018,CUST5104,Clothing,11232,1,Express,Debit Card,1,2,Not Returned,No,0.0,2246.4,1.3,17.51,68,2025-06-01,0
ORD00019,CUST4906,Electronics,20006,3,Express,PayPal,2,6,Not Returned,No,0.0,4001.2,0.21,12.58,62,2025-12-04,0
ORD00020,CUST5589,Clothing,15817,5,Same Day,PayPal,2,7,Damaged,Yes,2144.55,1018.85,0.27,12.94,55,2025-05-29,11
ORD00021,CUST9954,Beauty,51036,5,Same Day,Credit Card,4,4,Not Returned,No,0.0,10207.2,2.49,15.67,51,2025-11-10,0
ORD00022,CUST9473,Electronics,35325,3,Same Day,PayPal,2,3,Not Returned,No,0.0,7065.0,2.34,4.33,62,2025-05-04,0
ORD00023,CUST2567,Clothing,35469,3,Same Day,Debit Card,3,10,Not Returned,No,0.0,7093.8,1.05,17.0,83,2025-11-25,0
ORD00024,CUST2575,Electronics,46842,5,Same Day,Debit Card,2,6,Not Returned,No,0.0,9368.4,0.72,3.32,87,2025-09-02,0
ORD00025,CUST8766,Books,54699,3,Express,UPI,2,7,Not Returned,No,0.0,10939.8,1.47,16.38,62,2025-08-11,0
ORD00026,CUST5681,Electronics,31796,2,Same Day,UPI,3,1,Not Returned,No,0.0,6359.2,2.09,18.94,64,2025-11-24,0
ORD00027,CUST1336,Books,34616,1,Same Day,PayPal,1,7,Not Returned,No,0.0,6923.2,2.0,9.72,72,2025-08-28,0
ORD00028,CUST3764,Clothing,24552,4,Standard,UPI,5,7,Not Returned,No,0.0,4910.4,0.14,7.95,64,2025-12-13,0
ORD00029,CUST5161,Books,7011,5,Standard,Debit Card,4,5,Late Delivery,Yes,545.75,856.45,0.74,18.04,41,2025-09-16,20
ORD00030,CUST1456,Beauty,57274,2,Same Day,Debit Card,5,7,Not Returned,No,0.0,11454.8,1.5,3.49,59,2025-06-27,0
ORD00031,CUST4713,Books,28305,2,Standard,Debit Card,3,2,Not Returned,No,0.0,5661.0,1.78,6.07,69,2025-09-28,0
ORD00032,CUST9990,Clothing,33587,2,Standard,Credit Card,3,10,Not Returned,No,0.0,6717.4,0.57,12.55,83,2025-01-07,0
ORD00033,CUST6195,Sports,30035,5,Standard,COD,1,2,Not Returned,No,0.0,6007.0,2.32,6.97,74,2025-05-28,0
ORD00034,CUST9318,Beauty,44578,1,Same Day,COD,3,8,Not Returned,No,0.0,8915.6,1.82,14.41,75,2025-01-09,0
ORD00035,CUST4680,Sports,50618,5,Standard,Credit Card,3,7,Not Returned,No,0.0,10123.6,2.45,17.41,51,2025-08-19,0
ORD00036,CUST7027,Beauty,16804,5,Same Day,Debit Card,1,4,Not Returned,No,0.0,3360.8,1.42,7.62,53,2025-02-16,0
ORD00037,CUST8418,Clothing,21149,2,Express,COD,3,3,Not Returned,No,0.0,4229.8,0.44,8.07,74,2025-09-07,0
ORD00038,CUST6582,Books,6107,4,Express,COD,3,1,Not Returned,No,0.0,1221.4,0.25,13.38,57,2025-11-21,0
ORD00039,CUST5299,Clothing,18326,3,Standard,PayPal,1,10,Not Returned,No,0.0,3665.2,0.26,5.44,88,2025-08-23,0
ORD00040,CUST7466,Books,8515,3,Standard,COD,1,10,Not Returned,No,0.0,1703.0,1.95,12.13,89,2025-04-03,0
ORD00041,CUST2519,Books,47349,4,Standard,COD,3,8,Not Returned,No,0.0,9469.8,0.17,9.13,71,2025-04-23,0
ORD00042,CUST1115,Electronics,19006,2,Express,PayPal,5,4,Not Returned,No,0.0,3801.2,2.34,14.69,48,2025-09-14,0
ORD00043,CUST7594,Home,22688,2,Standard,Debit Card,4,1,Not Returned,No,0.0,4537.6,1.99,3.7,88,2025-07-17,0
ORD00044,CUST3991,Sports,17694,2,Standard,PayPal,4,7,Not Returned,No,0.0,3538.8,1.46,10.06,67,2025-10-03,0
ORD00045,CUST3317,Beauty,57147,3,Express,UPI,5,5,Not Returned,No,0.0,11429.4,0.71,15.35,66,2025-07-06,0
ORD00046,CUST7779,Electronics,44657,4,Express,Credit Card,1,4,Not Returned,No,0.0,8931.4,0.63,3.39,75,2025-02-07,0
ORD00047,CUST3954,Clothing,13031,4,Standard,UPI,5,3,Damaged,Yes,741.57,1864.63,1.59,14.18,96,2025-04-27,14
ORD00048,CUST6479,Clothing,32042,2,Same Day,COD,5,2,Damaged,Yes,6249.87,158.53,2.35,0.56,76,2025-05-07,21
ORD00049,CUST5667,Electronics,18177,1,Standard,COD,2,7,Not Returned,No,0.0,3635.4,0.92,18.31,50,2025-08-15,0
ORD00050,CUST1764,Home,33202,1,Express,PayPal,1,6,Not Returned,No,0.0,6640.4,1.3,13.27,94,2025-02-19,0
ORD00051,CUST2068,Electronics,19432,2,Same Day,Credit Card,5,5,Not Returned,No,0.0,3886.4,0.95,10.69,86,2025-02-24,0
ORD00052,CUST7955,Books,9500,1,Express,COD,1,9,Not Returned,No,0.0,1900.0,0.33,11.01,80,2025-10-15,0
ORD00053,CUST1146,Home,8246,2,Same Day,UPI,5,4,Not Returned,No,0.0,1649.2,1.06,3.6,99,2025-05-21,0
ORD00054,CUST7551,Electronics,53205,4,Express,COD,1,10,Not Returned,No,0.0,10641.0,2.27,14.48,78,2025-07-15,0
ORD00055,CUST2540,Electronics,58241,1,Standard,COD,4,9,Not Returned,No,0.0,11648.2,1.38,4.34,86,2025-07-29,0
ORD00056,CUST3816,Electronics,57863,2,Express,Credit Card,1,3,Not Returned,No,0.0,11572.6,1.87,17.9,56,2025-05-07,0
ORD00057,CUST6393,Sports,39022,5,Express,COD,1,6,Not Returned,No,0.0,7804.4,1.97,2.77,62,2025-11-22,0
ORD00058,CUST2761,Electronics,50138,2,Express,COD,5,8,Late Delivery,Yes,4250.31,5777.29,0.79,1.86,43,2025-09-23,24
ORD00059,CUST7605,Sports,23850,4,Same Day,UPI,1,10,Damaged,Yes,1637.2,3132.8,2.22,2.33,70,2025-09-05,7
ORD00060,CUST2517,Beauty,55979,1,Express,PayPal,2,7,Not Returned,No,0.0,11195.8,1.54,16.12,96,2025-05-02,0
ORD00061,CUST9914,Home,23737,4,Standard,Debit Card,2,6,Not Returned,No,0.0,4747.4,0.83,5.03,75,2025-07-08,0
ORD00062,CUST7647,Home,56443,3,Express,Credit Card,2,8,Wrong Item,Yes,10271.38,1017.22,1.83,11.64,55,2025-11-01,10
ORD00063,CUST4249,Home,26541,5,Express,COD,2,3,Not Returned,No,0.0,5308.2,0.8,13.09,73,2025-02-12,0
ORD00064,CUST3403,Electronics,37785,5,Same Day,COD,1,3,Damaged,Yes,7011.81,545.19,0.79,1.8,74,2025-03-22,13
ORD00065,CUST1015,Home,32662,5,Standard,PayPal,4,5,Late Delivery,Yes,4248.97,2283.43,0.71,18.24,48,2025-11-10,30
ORD00066,CUST8466,Electronics,19545,1,Same Day,COD,5,7,Not Returned,No,0.0,3909.0,2.17,12.1,54,2025-02-26,0
ORD00067,CUST2742,Electronics,982,4,Same Day,PayPal,5,7,Not Returned,No,0.0,196.4,0.96,16.76,51,2025-10-09,0
ORD00068,CUST2639,Books,34254,3,Express,Credit Card,1,6,Not Returned,No,0.0,6850.8,0.59,4.25,40,2025-01-11,0
ORD00069,CUST1377,Electronics,43756,4,Express,UPI,2,6,Not Returned,No,0.0,8751.2,0.44,3.48,95,2025-12-23,0
ORD00070,CUST2826,Beauty,15925,4,Express,PayPal,2,5,Not Returned,No,0.0,3185.0,0.76,7.05,91,2025-05-13,0
ORD00071,CUST7643,Books,3629,4,Same Day,Debit Card,4,8,Not Returned,No,0.0,725.8,1.15,17.61,64,2025-04-30,0
ORD00072,CUST6570,Beauty,27956,4,Express,PayPal,4,7,Not Returned,No,0.0,5591.2,2.05,10.62,59,2025-08-13,0
ORD00073,CUST6845,Books,40569,2,Express,COD,2,5,Not Returned,No,0.0,8113.8,0.96,15.86,52,2025-04-15,0
ORD00074,CUST1534,Beauty,24309,3,Standard,Credit Card,5,3,Wrong Item,Yes,2521.41,2340.39,0.9,17.85,63,2025-02-26,16
ORD00075,CUST5109,Home,15476,5,Express,Credit Card,1,10,Not Returned,No,0.0,3095.2,1.9,5.08,85,2025-07-30,0
ORD00076,CUST9160,Books,53098,4,Express,PayPal,5,1,Not Returned,No,0.0,10619.6,2.19,7.77,56,2025-04-29,0
ORD00077,CUST7914,Clothing,15262,3,Same Day,Debit Card,5,8,Wrong Item,Yes,2627.15,425.25,2.1,10.27,85,2025-08-23,12
ORD00078,CUST9529,Sports,49246,2,Express,UPI,3,8,Late Delivery,Yes,9134.86,714.34,1.86,14.41,84,2025-08-25,17
ORD00079,CUST7375,Sports,30033,4,Standard,PayPal,2,8,Not Returned,No,0.0,6006.6,0.93,5.0,47,2025-04-20,0
ORD00080,CUST2059,Electronics,7712,4,Standard,Credit Card,3,3,Not Returned,No,0.0,1542.4,1.81,8.4,82,2025-10-15,0
ORD00081,CUST6850,Electronics,41141,1,Standard,UPI,3,5,Not Returned,No,0.0,8228.2,1.66,11.15,44,2025-03-24,0
ORD00082,CUST5527,Beauty,10649,5,Same Day,PayPal,3,3,Late Delivery,Yes,815.64,1314.16,0.3,19.81,48,2025-09-22,11
ORD00083,CUST3452,Electronics,24891,3,Express,PayPal,5,2,Not Returned,No,0.0,4978.2,2.26,6.14,65,2025-10-23,0
ORD00084,CUST2217,Home,694,2,Same Day,PayPal,1,8,Not Returned,No,0.0,138.8,0.38,6.13,79,2025-10-06,0
ORD00085,CUST7860,Electronics,36174,1,Standard,UPI,3,8,Not Returned,No,0.0,7234.8,1.97,5.74,64,2025-10-01,0
ORD00086,CUST6256,Clothing,7767,5,Standard,Credit Card,3,6,Not Returned,No,0.0,1553.4,2.37,19.94,96,2025-03-04,0
ORD00087,CUST7734,Sports,44755,2,Standard,Credit Card,2,8,Not Returned,No,0.0,8951.0,2.01,10.11,64,2025-09-13,0
ORD00088,CUST8379,Electronics,30359,5,Same Day,UPI,4,1,Not Returned,No,0.0,6071.8,0.8,4.9,41,2025-12-01,0
ORD00089,CUST8348,Books,26133,2,Same Day,COD,4,7,Not Returned,No,0.0,5226.6,1.74,12.07,47,2025-03-17,0
ORD00090,CUST9330,Beauty,7432,3,Same Day,Credit Card,2,1,Wrong Item,Yes,743.83,742.57,0.2,12.89,71,2025-03-08,8
ORD00091,CUST2639,Home,38213,5,Express,COD,4,1,Wrong Item,Yes,5663.3,1979.3,1.74,2.89,84,2025-09-13,5
ORD00092,CUST4522,Sports,41813,2,Standard,COD,5,6,Not Returned,No,0.0,8362.6,1.22,14.98,62,2025-04-19,0
ORD00093,CUST4455,Home,18228,1,Same Day,PayPal,4,1,Damaged,Yes,2231.13,1414.47,0.9,1.21,85,2025-12-18,20
ORD00094,CUST5875,Sports,43793,3,Same Day,UPI,5,9,Not Returned,No,0.0,8758.6,2.18,7.96,40,2025-02-25,0
ORD00095,CUST7416,Sports,27993,3,Same Day,Credit Card,1,5,Not Returned,No,0.0,5598.6,1.79,2.97,54,2025-04-19,0
ORD00096,CUST3185,Sports,29550,4,Same Day,PayPal,1,5,Not Returned,No,0.0,5910.0,0.27,12.11,41,2025-04-02,0
ORD00097,CUST3431,Clothing,52629,3,Same Day,COD,5,3,Not Returned,No,0.0,10525.8,0.84,10.51,85,2025-07-08,0
ORD00098,CUST3920,Electronics,1391,5,Express,Debit Card,2,8,Not Returned,No,0.0,278.2,1.0,3.03,56,2025-11-07,0
ORD00099,CUST8180,Home,39323,1,Standard,UPI,3,6,Damaged,Yes,3554.62,4309.98,1.39,16.89,74,2025-06-04,17
ORD00100,CUST5619,Home,40914,2,Standard,Credit Card,2,8,Not Returned,No,0.0,8182.8,0.51,6.04,68,2025-01-20,0
ORD00101,CUST2119,Books,33897,4,Same Day,PayPal,5,7,Not Returned,No,0.0,6779.4,0.1,15.03,81,2025-08-17,0
ORD00102,CUST4960,Home,13801,1,Express,PayPal,3,2,Not Returned,No,0.0,2760.2,1.3,3.03,73,2025-11-22,0
ORD00103,CUST5579,Clothing,52570,3,Same Day,Credit Card,5,7,Late Delivery,Yes,3435.56,7078.44,0.77,15.46,74,2025-09-22,10
ORD00104,CUST9061,Electronics,57586,2,Express,COD,3,6,Not Returned,No,0.0,11517.2,0.92,6.06,70,2025-03-06,0
ORD00105,CUST1847,Sports,30296,5,Express,UPI,3,10,Not Returned,No,0.0,6059.2,2.28,14.35,70,2025-03-23,0
ORD00106,CUST5516,Home,22989,4,Standard,COD,5,10,Not Returned,No,0.0,4597.8,1.5,15.55,79,2025-04-22,0
ORD00107,CUST6548,Clothing,37445,2,Express,UPI,4,4,Damaged,Yes,2221.81,5267.19,1.76,8.18,41,2025-09-24,26
ORD00108,CUST4914,Clothing,55395,4,Express,Credit Card,5,4,Not Returned,No,0.0,11079.0,0.32,13.47,98,2025-05-01,0
ORD00109,CUST8390,Clothing,52363,5,Same Day,Credit Card,5,7,Not Returned,No,0.0,10472.6,1.37,17.75,87,2025-08-27,0
ORD00110,CUST5284,Books,24684,1,Same Day,PayPal,4,8,Not Returned,No,0.0,4936.8,0.31,4.43,71,2025-03-26,0
ORD00111,CUST7731,Sports,50513,3,Standard,Credit Card,2,10,Changed Mind,Yes,6552.36,3550.24,0.61,1.5,46,2025-07-31,20
ORD00112,CUST5573,Clothing,4796,4,Standard,PayPal,4,10,Not Returned,No,0.0,959.2,1.92,5.57,63,2025-01-11,0
ORD00113,CUST5249,Beauty,32503,1,Express,Debit Card,1,8,Changed Mind,Yes,2316.14,4184.46,0.83,14.12,69,2025-12-30,23
ORD00114,CUST4375,Clothing,11325,3,Same Day,COD,3,2,Late Delivery,Yes,765.96,1499.04,1.32,8.99,79,2025-07-09,26
ORD00115,CUST2378,Beauty,701,5,Express,COD,3,1,Not Returned,No,0.0,140.2,1.43,15.24,50,2025-05-13,0
ORD00116,CUST6192,Beauty,17261,2,Express,Debit Card,1,8,Not Returned,No,0.0,3452.2,0.76,2.63,92,2025-05-18,0
ORD00117,CUST8849,Sports,16654,1,Express,UPI,5,8,Not Returned,No,0.0,3330.8,1.56,12.31,59,2025-10-28,0
ORD00118,CUST2614,Beauty,37286,2,Express,Debit Card,1,4,Late Delivery,Yes,4281.95,3175.25,0.84,7.5,98,2025-05-11,23
ORD00119,CUST7535,Books,51769,5,Standard,Debit Card,4,7,Wrong Item,Yes,6061.31,4292.49,1.88,4.95,62,2025-05-01,15
ORD00120,CUST7303,Electronics,36065,2,Same Day,PayPal,4,6,Not Returned,No,0.0,7213.0,2.1,12.68,51,2025-08-28,0
ORD00121,CUST4224,Electronics,57024,5,Express,PayPal,3,2,Not Returned,No,0.0,11404.8,0.75,9.9,48,2025-11-30,0
ORD00122,CUST9695,Sports,34210,3,Express,Credit Card,4,1,Wrong Item,Yes,3536.92,3305.08,1.86,19.77,46,2025-12-03,14
ORD00123,CUST7761,Clothing,15844,2,Standard,Credit Card,3,3,Not Returned,No,0.0,3168.8,2.47,1.11,49,2025-01-13,0
ORD00124,CUST8340,Sports,7972,4,Express,Debit Card,2,1,Not Returned,No,0.0,1594.4,1.58,9.62,57,2025-03-27,0
ORD00125,CUST1063,Clothing,36222,5,Standard,Credit Card,4,2,Not Returned,No,0.0,7244.4,0.78,2.88,78,2025-03-13,0
ORD00126,CUST6388,Home,15630,4,Standard,PayPal,4,3,Not Returned,No,0.0,3126.0,0.77,15.66,67,2025-09-22,0
ORD00127,CUST8377,Sports,5232,1,Standard,PayPal,1,7,Not Returned,No,0.0,1046.4,0.29,15.01,91,2025-08-03,0
ORD00128,CUST9668,Sports,36046,1,Express,UPI,5,3,Not Returned,No,0.0,7209.2,2.05,16.9,67,2025-07-15,0
ORD00129,CUST1693,Home,1949,1,Express,PayPal,2,2,Late Delivery,Yes,353.71,36.09,0.35,13.14,80,2025-09-21,17
ORD00130,CUST3434,Beauty,532,3,Standard,PayPal,3,8,Not Returned,No,0.0,106.4,2.15,8.42,44,2025-01-16,0
ORD00131,CUST3592,Electronics,49081,5,Standard,Credit Card,1,6,Not Returned,No,0.0,9816.2,1.85,12.31,90,2025-03-12,0
ORD00132,CUST9174,Clothing,5765,4,Express,Debit Card,1,1,Wrong Item,Yes,397.37,755.63,0.99,11.23,100,2025-12-29,27
ORD00133,CUST2295,Books,32183,3,Standard,PayPal,3,4,Not Returned,No,0.0,6436.6,2.1,5.48,47,2025-05-20,0
ORD00134,CUST4825,Clothing,16930,3,Express,COD,1,5,Not Returned,No,0.0,3386.0,0.14,7.53,42,2025-12-17,0
ORD00135,CUST4803,Sports,50849,2,Standard,COD,5,8,Not Returned,No,0.0,10169.8,1.54,5.04,71,2025-05-24,0
ORD00136,CUST4178,Home,12323,2,Standard,PayPal,5,1,Not Returned,No,0.0,2464.6,2.32,12.83,64,2025-01-09,0
ORD00137,CUST6228,Beauty,51010,4,Express,Debit Card,5,7,Not Returned,No,0.0,10202.0,0.8,13.2,72,2025-08-08,0
ORD00138,CUST9422,Clothing,30835,2,Express,COD,5,7,Not Returned,No,0.0,6167.0,0.23,18.21,66,2025-10-16,0
ORD00139,CUST3603,Clothing,30089,4,Standard,UPI,1,10,Late Delivery,Yes,3114.77,2903.03,0.78,14.31,74,2025-10-25,20
ORD00140,CUST9454,Home,53250,1,Standard,UPI,1,1,Wrong Item,Yes,7437.52,3212.48,1.31,8.95,75,2025-06-14,26
ORD00141,CUST7899,Home,806,5,Standard,COD,2,10,Not Returned,No,0.0,161.2,1.25,10.91,89,2025-07-16,0
ORD00142,CUST1586,Clothing,41511,4,Standard,Debit Card,3,6,Not Returned,No,0.0,8302.2,0.62,18.98,56,2025-02-16,0
ORD00143,CUST6201,Beauty,18769,3,Standard,COD,5,2,Not Returned,No,0.0,3753.8,1.26,11.51,64,2025-12-18,0
ORD00144,CUST1032,Books,41047,5,Standard,Debit Card,2,9,Not Returned,No,0.0,8209.4,1.45,5.2,85,2025-05-16,0
ORD00145,CUST2943,Clothing,38762,2,Standard,PayPal,4,7,Not Returned,No,0.0,7752.4,0.84,15.51,67,2025-09-04,0
ORD00146,CUST9452,Electronics,6570,1,Same Day,COD,2,8,Not Returned,No,0.0,1314.0,1.44,12.49,48,2025-08-26,0
ORD00147,CUST1228,Books,22064,1,Standard,PayPal,4,10,Not Returned,No,0.0,4412.8,0.2,8.66,96,2025-03-18,0
ORD00148,CUST6914,Clothing,32079,4,Standard,Debit Card,1,7,Not Returned,No,0.0,6415.8,0.82,17.27,94,2025-09-08,0
ORD00149,CUST8520,Home,23607,2,Express,Debit Card,3,7,Not Returned,No,0.0,4721.4,0.81,2.86,55,2025-12-19,0
ORD00150,CUST5477,Sports,52754,5,Same Day,Debit Card,5,7,Not Returned,No,0.0,10550.8,0.5,13.46,65,2025-07-02,0
ORD00151,CUST2074,Clothing,37766,3,Standard,Credit Card,4,8,Not Returned,No,0.0,7553.2,1.06,12.15,82,2025-05-28,0
ORD00152,CUST6481,Sports,49426,4,Express,Credit Card,5,7,Not Returned,No,0.0,9885.2,1.84,1.52,48,2025-09-05,0
ORD00153,CUST2540,Home,3427,2,Standard,Debit Card,2,9,Damaged,Yes,631.39,54.01,1.62,15.05,100,2025-02-08,28
ORD00154,CUST4020,Books,46971,2,Standard,Credit Card,1,8,Changed Mind,Yes,4658.46,4735.74,1.33,10.74,52,2025-11-26,10
ORD00155,CUST4150,Books,33161,4,Same Day,UPI,4,3,Not Returned,No,0.0,6632.2,0.72,19.65,93,2025-11-17,0
ORD00156,CUST1133,Books,58135,1,Express,UPI,3,3,Not Returned,No,0.0,11627.0,1.76,4.85,58,2025-08-24,0
ORD00157,CUST9833,Sports,30129,1,Same Day,PayPal,2,10,Not Returned,No,0.0,6025.8,2.24,6.6,58,2025-09-20,0
ORD00158,CUST2184,Sports,43604,3,Express,PayPal,5,8,Late Delivery,Yes,8613.48,107.32,2.05,19.0,51,2025-09-26,7
ORD00159,CUST2955,Books,10827,2,Standard,UPI,3,5,Not Returned,No,0.0,2165.4,2.1,5.06,95,2025-11-30,0
ORD00160,CUST7618,Electronics,6881,5,Express,Credit Card,5,10,Late Delivery,Yes,603.38,772.82,2.39,6.19,46,2025-10-17,2
ORD00161,CUST5383,Books,29063,3,Same Day,Credit Card,1,3,Changed Mind,Yes,1463.26,4349.34,1.86,1.19,93,2025-10-16,23
ORD00162,CUST5066,Electronics,57542,2,Express,Debit Card,5,4,Not Returned,No,0.0,11508.4,2.02,2.27,80,2025-06-09,0
ORD00163,CUST9215,Clothing,34271,4,Same Day,COD,4,2,Damaged,Yes,5972.51,881.69,2.47,4.53,88,2025-10-04,9
ORD00164,CUST8699,Beauty,32242,2,Express,UPI,3,8,Wrong Item,Yes,4444.57,2003.83,1.37,16.06,82,2025-05-25,13
ORD00165,CUST6064,Books,20069,2,Same Day,UPI,4,6,Not Returned,No,0.0,4013.8,0.55,3.37,77,2025-02-24,0
ORD00166,CUST2946,Home,32926,5,Same Day,UPI,5,5,Not Returned,No,0.0,6585.2,1.34,10.36,44,2025-04-03,0
ORD00167,CUST3441,Books,44917,1,Same Day,COD,5,1,Damaged,Yes,5423.34,3560.06,0.51,14.85,61,2025-09-24,26
ORD00168,CUST8319,Beauty,42777,3,Same Day,COD,4,1,Not Returned,No,0.0,8555.4,0.23,2.71,91,2025-10-26,0
ORD00169,CUST6840,Electronics,9795,3,Same Day,Credit Card,2,10,Not Returned,No,0.0,1959.0,0.54,19.87,48,2025-03-18,0
ORD00170,CUST4996,Electronics,20268,1,Same Day,COD,2,7,Not Returned,No,0.0,4053.6,1.82,1.22,61,2025-06-07,0
ORD00171,CUST8789,Beauty,49276,3,Same Day,Debit Card,3,8,Not Returned,No,0.0,9855.2,1.87,18.03,62,2025-11-18,0
ORD00172,CUST5235,Clothing,45595,2,Same Day,Debit Card,4,10,Not Returned,No,0.0,9119.0,2.34,5.43,66,2025-09-26,0
ORD00173,CUST4648,Electronics,42219,3,Standard,Debit Card,3,1,Not Returned,No,0.0,8443.8,0.16,8.78,78,2025-10-24,0
ORD00174,CUST5855,Electronics,43117,3,Express,Credit Card,2,3,Not Returned,No,0.0,8623.4,0.32,7.5,68,2025-07-14,0
ORD00175,CUST1772,Books,8297,3,Standard,PayPal,5,4,Not Returned,No,0.0,1659.4,1.04,8.33,54,2025-10-07,0
ORD00176,CUST7155,Beauty,59023,5,Same Day,PayPal,3,9,Wrong Item,Yes,4449.12,7355.48,2.3,9.64,99,2025-03-11,25
ORD00177,CUST5674,Clothing,31585,1,Standard,Debit Card,1,8,Not Returned,No,0.0,6317.0,2.46,14.12,91,2025-11-23,0
ORD00178,CUST4132,Sports,57803,1,Express,PayPal,2,8,Damaged,Yes,9160.66,2399.94,2.33,16.2,74,2025-04-14,19
ORD00179,CUST6779,Sports,27941,1,Standard,Credit Card,4,4,Not Returned,No,0.0,5588.2,0.77,11.39,45,2025-10-04,0
ORD00180,CUST7859,Sports,33103,4,Same Day,PayPal,4,6,Not Returned,No,0.0,6620.6,1.83,7.11,50,2025-06-11,0
ORD00181,CUST1423,Books,59772,3,Express,Credit Card,2,7,Not Returned,No,0.0,11954.4,0.12,12.06,53,2025-01-02,0
ORD00182,CUST6058,Home,46542,2,Express,Credit Card,5,6,Not Returned,No,0.0,9308.4,1.44,10.62,81,2025-09-05,0
ORD00183,CUST7060,Books,55400,2,Same Day,Debit Card,2,4,Not Returned,No,0.0,11080.0,2.18,15.68,66,2025-03-08,0
ORD00184,CUST3895,Beauty,22998,1,Same Day,PayPal,1,6,Changed Mind,Yes,2140.75,2458.85,0.89,0.57,98,2025-08-25,10
ORD00185,CUST4215,Electronics,42704,4,Express,PayPal,4,2,Wrong Item,Yes,4003.52,4537.28,1.96,6.31,82,2025-11-28,15
ORD00186,CUST3576,Sports,54085,3,Standard,PayPal,4,4,Not Returned,No,0.0,10817.0,2.45,4.82,96,2025-08-17,0
ORD00187,CUST3667,Sports,58626,1,Express,UPI,2,5,Not Returned,No,0.0,11725.2,1.96,16.2,46,2025-01-01,0
ORD00188,CUST2661,Books,53445,2,Standard,PayPal,4,2,Not Returned,No,0.0,10689.0,2.35,5.23,60,2025-03-25,0
ORD00189,CUST4845,Books,57393,5,Express,UPI,1,1,Not Returned,No,0.0,11478.6,0.2,4.39,68,2025-07-05,0
ORD00190,CUST4592,Books,33427,2,Standard,UPI,3,8,Not Returned,No,0.0,6685.4,1.71,2.65,96,2025-08-01,0
ORD00191,CUST2767,Books,56170,4,Express,COD,1,9,Damaged,Yes,10535.13,698.87,2.06,18.21,59,2025-06-11,5
ORD00192,CUST8894,Clothing,27322,3,Express,Credit Card,5,10,Not Returned,No,0.0,5464.4,1.58,3.1,86,2025-04-21,0
ORD00193,CUST5147,Home,27436,3,Express,COD,2,10,Changed Mind,Yes,5232.42,254.78,0.27,6.96,51,2025-04-27,13
ORD00194,CUST4657,Electronics,448,5,Express,UPI,5,2,Not Returned,No,0.0,89.6,0.62,5.66,48,2025-10-09,0
ORD00195,CUST5216,Sports,10723,3,Express,PayPal,1,6,Not Returned,No,0.0,2144.6,2.39,2.04,72,2025-04-13,0
ORD00196,CUST4956,Beauty,7899,3,Express,Debit Card,2,10,Not Returned,No,0.0,1579.8,1.18,17.87,66,2025-01-01,0
ORD00197,CUST8237,Home,6432,1,Standard,Debit Card,4,1,Not Returned,No,0.0,1286.4,0.28,11.77,91,2025-06-21,0
ORD00198,CUST1851,Electronics,59284,5,Standard,COD,3,7,Wrong Item,Yes,11408.91,447.89,2.1,10.18,74,2025-10-06,5
ORD00199,CUST5319,Books,1033,2,Standard,Debit Card,4,1,Not Returned,No,0.0,206.6,1.6,7.46,57,2025-05-28,0
ORD00200,CUST5043,Beauty,35445,1,Same Day,PayPal,3,10,Not Returned,No,0.0,7089.0,0.28,9.09,78,2025-07-05,0
ORD00201,CUST5513,Home,7846,4,Same Day,UPI,2,9,Not Returned,No,0.0,1569.2,0.76,10.52,90,2025-04-18,0
ORD00202,CUST2714,Beauty,12539,1,Standard,PayPal,3,10,Late Delivery,Yes,1674.32,833.48,0.9,3.9,51,2025-03-15,8
ORD00203,CUST8568,Home,30299,4,Same Day,COD,3,7,Not Returned,No,0.0,6059.8,1.89,18.47,53,2025-01-14,0
ORD00204,CUST2479,Clothing,54367,4,Standard,PayPal,5,8,Not Returned,No,0.0,10873.4,2.34,8.75,86,2025-12-23,0
ORD00205,CUST8619,Clothing,33618,4,Express,UPI,3,7,Not Returned,No,0.0,6723.6,2.14,18.17,84,2025-04-10,0
ORD00206,CUST7120,Home,40110,5,Express,Credit Card,5,10,Not Returned,No,0.0,8022.0,1.11,11.65,73,2025-01-17,0
ORD00207,CUST3126,Books,43449,1,Same Day,Credit Card,5,5,Not Returned,No,0.0,8689.8,1.04,10.14,54,2025-05-08,0
ORD00208,CUST8544,Sports,37769,2,Standard,Debit Card,5,9,Not Returned,No,0.0,7553.8,1.57,13.63,91,2025-10-05,0
ORD00209,CUST3298,Books,29274,3,Standard,Debit Card,3,4,Not Returned,No,0.0,5854.8,1.14,15.16,53,2025-06-02,0
ORD00210,CUST2305,Sports,51782,4,Express,PayPal,1,2,Not Returned,No,0.0,10356.4,1.96,7.41,53,2025-02-26,0
ORD00211,CUST3419,Beauty,23080,5,Standard,UPI,4,4,Not Returned,No,0.0,4616.0,1.06,16.34,84,2025-10-17,0
ORD00212,CUST7867,Clothing,35924,3,Express,Credit Card,5,2,Changed Mind,Yes,5382.54,1802.26,1.72,10.37,78,2025-04-09,17
ORD00213,CUST8229,Books,37275,1,Same Day,Credit Card,2,3,Not Returned,No,0.0,7455.0,1.52,1.38,80,2025-12-31,0
ORD00214,CUST4930,Clothing,53890,2,Same Day,Debit Card,4,2,Not Returned,No,0.0,10778.0,2.22,19.6,76,2025-03-26,0
ORD00215,CUST4288,Home,24151,1,Same Day,UPI,4,2,Late Delivery,Yes,3626.8,1203.4,0.12,12.47,96,2025-09-07,1
ORD00216,CUST1360,Home,4070,3,Same Day,UPI,5,9,Not Returned,No,0.0,814.0,0.5,3.21,55,2025-09-21,0
ORD00217,CUST9722,Electronics,32317,5,Express,UPI,1,3,Not Returned,No,0.0,6463.4,0.27,7.68,90,2025-06-18,0
ORD00218,CUST5785,Electronics,36088,5,Same Day,Credit Card,1,5,Not Returned,No,0.0,7217.6,0.61,13.81,60,2025-10-11,0
ORD00219,CUST4373,Home,14780,1,Same Day,PayPal,5,2,Not Returned,No,0.0,2956.0,1.62,4.09,59,2025-02-01,0
ORD00220,CUST3096,Books,53393,4,Express,PayPal,3,6,Not Returned,No,0.0,10678.6,0.79,1.65,47,2025-06-26,0
ORD00221,CUST5984,Electronics,46635,5,Express,Debit Card,4,9,Not Returned,No,0.0,9327.0,2.2,2.95,68,2025-07-10,0
ORD00222,CUST3597,Beauty,55373,3,Standard,Credit Card,1,4,Not Returned,No,0.0,11074.6,1.57,15.45,78,2025-10-02,0
ORD00223,CUST3115,Books,5392,5,Same Day,PayPal,3,5,Not Returned,No,0.0,1078.4,0.54,17.9,57,2025-01-05,0
ORD00224,CUST4049,Home,27720,2,Standard,Debit Card,2,4,Not Returned,No,0.0,5544.0,1.56,3.03,69,2025-06-22,0
ORD00225,CUST9961,Home,16019,5,Same Day,Credit Card,4,1,Not Returned,No,0.0,3203.8,2.42,13.69,69,2025-03-29,0
ORD00226,CUST9889,Clothing,7770,3,Standard,COD,1,2,Not Returned,No,0.0,1554.0,1.28,14.04,45,2025-06-02,0
ORD00227,CUST4149,Clothing,38146,4,Express,Credit Card,5,6,Not Returned,No,0.0,7629.2,0.44,14.68,54,2025-05-28,0
ORD00228,CUST9265,Sports,40553,2,Same Day,PayPal,1,5,Not Returned,No,0.0,8110.6,0.91,19.24,100,2025-12-15,0
ORD00229,CUST2612,Clothing,57597,3,Same Day,PayPal,1,4,Not Returned,No,0.0,11519.4,2.05,19.58,54,2025-12-16,0
ORD00230,CUST3897,Sports,39898,1,Standard,PayPal,4,1,Late Delivery,Yes,5931.06,2048.54,0.26,5.84,77,2025-07-04,22
ORD00231,CUST9647,Books,41111,1,Standard,Credit Card,4,4,Not Returned,No,0.0,8222.2,1.2,8.15,92,2025-05-20,0
ORD00232,CUST5315,Electronics,10271,3,Express,Debit Card,2,9,Changed Mind,Yes,1013.63,1040.57,2.01,12.37,83,2025-07-31,1
ORD00233,CUST2874,Electronics,19749,1,Standard,Debit Card,3,6,Not Returned,No,0.0,3949.8,1.28,15.41,57,2025-10-13,0
ORD00234,CUST4580,Electronics,43743,2,Same Day,UPI,2,10,Not Returned,No,0.0,8748.6,1.54,9.73,89,2025-04-29,0
ORD00235,CUST1392,Electronics,52539,1,Standard,Credit Card,4,6,Not Returned,No,0.0,10507.8,1.91,1.09,52,2025-12-13,0
ORD00236,CUST1046,Home,12703,1,Same Day,PayPal,4,7,Damaged,Yes,1086.74,1453.86,1.34,9.96,95,2025-01-29,11
ORD00237,CUST7248,Sports,54072,1,Standard,PayPal,4,8,Damaged,Yes,9647.95,1166.45,2.4,1.09,95,2025-12-26,26
ORD00238,CUST3146,Electronics,20469,1,Same Day,Debit Card,5,8,Not Returned,No,0.0,4093.8,2.19,16.01,64,2025-03-20,0
ORD00239,CUST6974,Books,35154,4,Express,Debit Card,3,6,Late Delivery,Yes,4018.02,3012.78,0.97,5.81,74,2025-10-30,22
ORD00240,CUST6184,Home,45303,5,Same Day,UPI,2,3,Not Returned,No,0.0,9060.6,2.14,5.86,86,2025-11-29,0
ORD00241,CUST9414,Sports,9482,3,Same Day,PayPal,5,2,Not Returned,No,0.0,1896.4,0.44,14.09,51,2025-12-10,0
ORD00242,CUST6259,Electronics,580,4,Same Day,Debit Card,2,6,Changed Mind,Yes,92.09,23.91,0.8,17.77,59,2025-10-29,7
ORD00243,CUST5072,Beauty,32176,5,Same Day,Debit Card,2,5,Not Returned,No,0.0,6435.2,2.35,17.29,48,2025-03-31,0
ORD00244,CUST9767,Clothing,36159,5,Same Day,COD,1,8,Not Returned,No,0.0,7231.8,0.99,11.79,84,2026-01-01,0
ORD00245,CUST1463,Clothing,26217,2,Express,UPI,3,9,Not Returned,No,0.0,5243.4,1.68,19.03,69,2025-01-11,0
ORD00246,CUST6210,Beauty,44800,5,Same Day,Credit Card,3,2,Late Delivery,Yes,3243.4,5716.6,1.4,11.73,79,2025-07-21,18
ORD00247,CUST4398,Beauty,59636,5,Standard,Debit Card,3,10,Not Returned,No,0.0,11927.2,0.25,16.11,58,2025-06-07,0
ORD00248,CUST3661,Books,26951,4,Standard,UPI,4,2,Not Returned,No,0.0,5390.2,0.24,11.1,44,2025-05-05,0
ORD00249,CUST2808,Beauty,20082,3,Same Day,COD,1,2,Damaged,Yes,2679.86,1336.54,2.3,19.34,96,2025-05-24,27
ORD00250,CUST4290,Electronics,23733,4,Same Day,Debit Card,5,9,Damaged,Yes,1453.59,3293.01,1.21,15.96,97,2025-01-30,25
ORD00251,CUST7326,Clothing,44681,5,Standard,COD,3,3,Not Returned,No,0.0,8936.2,2.45,5.18,90,2025-11-25,0
ORD00252,CUST8907,Home,5505,3,Express,PayPal,1,1,Not Returned,No,0.0,1101.0,2.25,11.09,88,2025-10-21,0
ORD00253,CUST3750,Sports,49990,1,Express,Debit Card,2,1,Damaged,Yes,7754.02,2243.98,2.32,7.23,48,2025-11-15,18
ORD00254,CUST3763,Clothing,54792,4,Standard,COD,4,4,Not Returned,No,0.0,10958.4,1.56,6.95,71,2025-06-22,0
ORD00255,CUST5068,Books,26134,2,Same Day,UPI,1,5,Changed Mind,Yes,4961.87,264.93,1.37,4.94,99,2025-10-21,30
ORD00256,CUST5836,Clothing,39719,2,Standard,Debit Card,5,3,Not Returned,No,0.0,7943.8,1.83,9.9,98,2025-08-22,0
ORD00257,CUST4144,Clothing,40052,2,Same Day,Debit Card,3,6,Not Returned,No,0.0,8010.4,1.75,9.12,54,2025-06-08,0
ORD00258,CUST3834,Clothing,12077,3,Same Day,PayPal,2,10,Not Returned,No,0.0,2415.4,1.71,9.94,64,2025-03-16,0
ORD00259,CUST1963,Clothing,52223,1,Same Day,UPI,3,8,Not Returned,No,0.0,10444.6,0.41,19.12,90,2025-01-02,0
ORD00260,CUST2345,Beauty,31743,1,Same Day,Credit Card,3,2,Damaged,Yes,3731.3,2617.3,0.22,7.05,57,2025-04-23,23
ORD00261,CUST3445,Electronics,13674,4,Same Day,PayPal,5,1,Not Returned,No,0.0,2734.8,2.39,5.04,92,2025-12-27,0
ORD00262,CUST8841,Books,43752,2,Standard,UPI,1,3,Not Returned,No,0.0,8750.4,1.08,15.5,86,2025-10-12,0
ORD00263,CUST8059,Sports,20562,1,Standard,UPI,2,5,Not Returned,No,0.0,4112.4,1.35,3.67,84,2025-12-20,0
ORD00264,CUST7670,Beauty,8591,3,Express,Debit Card,5,7,Wrong Item,Yes,1067.36,650.84,0.69,10.03,91,2025-10-28,26
ORD00265,CUST6348,Clothing,36733,2,Same Day,PayPal,3,3,Late Delivery,Yes,3254.33,4092.27,2.16,14.46,80,2025-07-19,6
ORD00266,CUST1242,Home,39828,1,Express,PayPal,3,6,Not Returned,No,0.0,7965.6,0.96,12.16,58,2025-03-27,0
ORD00267,CUST3909,Home,59746,3,Standard,UPI,3,4,Wrong Item,Yes,9041.24,2907.96,0.78,10.46,96,2025-08-04,2
ORD00268,CUST7441,Sports,34880,5,Express,COD,3,2,Not Returned,No,0.0,6976.0,2.36,3.36,51,2025-02-13,0
ORD00269,CUST5229,Home,40490,5,Express,Debit Card,5,3,Late Delivery,Yes,2977.92,5120.08,2.4,6.43,95,2025-03-19,29
ORD00270,CUST6792,Sports,8255,5,Standard,Debit Card,4,5,Not Returned,No,0.0,1651.0,1.35,18.49,61,2025-07-01,0
ORD00271,CUST9749,Books,52505,5,Standard,COD,4,7,Not Returned,No,0.0,10501.0,1.05,4.28,67,2025-06-04,0
ORD00272,CUST2613,Sports,51117,3,Express,Credit Card,2,2,Not Returned,No,0.0,10223.4,1.43,11.84,54,2025-02-13,0
ORD00273,CUST7107,Sports,59520,4,Same Day,PayPal,3,9,Changed Mind,Yes,7669.12,4234.88,0.94,7.49,66,2025-03-31,2
ORD00274,CUST5304,Home,53685,5,Standard,UPI,5,5,Late Delivery,Yes,5329.94,5407.06,1.57,2.53,72,2025-03-06,23
ORD00275,CUST8338,Books,44212,4,Express,PayPal,4,1,Damaged,Yes,4353.16,4489.24,0.8,7.7,52,2025-02-21,1
ORD00276,CUST8662,Electronics,38281,2,Standard,Credit Card,2,4,Wrong Item,Yes,3726.86,3929.34,1.1,4.92,91,2025-02-03,7
ORD00277,CUST6866,Beauty,45723,5,Express,COD,3,7,Not Returned,No,0.0,9144.6,2.14,18.67,95,2025-03-03,0
ORD00278,CUST3684,Sports,44905,2,Express,UPI,4,3,Late Delivery,Yes,4617.64,4363.36,0.17,5.69,83,2025-12-26,15
ORD00279,CUST8708,Electronics,9780,3,Express,Credit Card,3,4,Not Returned,No,0.0,1956.0,1.2,5.48,91,2025-03-11,0
ORD00280,CUST4338,Beauty,2358,1,Express,Credit Card,2,6,Not Returned,No,0.0,471.6,1.47,15.02,91,2025-03-22,0
ORD00281,CUST7387,Home,8483,5,Standard,PayPal,2,5,Not Returned,No,0.0,1696.6,2.39,18.84,98,2025-12-02,0
ORD00282,CUST6511,Clothing,37209,1,Standard,COD,1,9,Late Delivery,Yes,3742.17,3699.63,0.62,13.0,68,2025-09-23,16
ORD00283,CUST1241,Electronics,59119,5,Express,PayPal,3,4,Not Returned,No,0.0,11823.8,0.43,14.58,55,2025-07-28,0
ORD00284,CUST7235,Sports,3509,1,Standard,Credit Card,2,5,Not Returned,No,0.0,701.8,0.86,7.05,92,2025-03-18,0
ORD00285,CUST4245,Clothing,55850,2,Standard,Debit Card,2,3,Not Returned,No,0.0,11170.0,1.76,10.6,81,2025-10-02,0
ORD00286,CUST8244,Books,53776,2,Express,Debit Card,1,8,Not Returned,No,0.0,10755.2,0.98,16.55,74,2025-06-14,0
ORD00287,CUST8669,Books,37162,4,Same Day,UPI,3,3,Not Returned,No,0.0,7432.4,0.61,12.31,83,2025-04-08,0
ORD00288,CUST3147,Clothing,10901,4,Standard,COD,1,9,Not Returned,No,0.0,2180.2,0.11,8.24,42,2025-12-07,0
ORD00289,CUST6751,Beauty,32220,2,Standard,Debit Card,4,7,Not Returned,No,0.0,6444.0,1.65,12.03,51,2025-04-20,0
ORD00290,CUST7675,Beauty,33358,5,Express,PayPal,3,5,Not Returned,No,0.0,6671.6,1.99,3.85,75,2025-01-12,0
ORD00291,CUST5559,Clothing,54627,1,Express,Credit Card,2,4,Not Returned,No,0.0,10925.4,2.4,12.22,67,2025-06-14,0
ORD00292,CUST7132,Home,21497,3,Same Day,PayPal,5,6,Not Returned,No,0.0,4299.4,0.62,5.91,69,2025-02-19,0
ORD00293,CUST2771,Clothing,17187,2,Standard,COD,5,5,Not Returned,No,0.0,3437.4,0.54,14.3,87,2025-10-14,0
ORD00294,CUST7035,Home,49354,5,Same Day,Credit Card,1,5,Not Returned,No,0.0,9870.8,1.77,1.87,53,2025-08-04,0
ORD00295,CUST2824,Beauty,16068,2,Same Day,Debit Card,4,7,Wrong Item,Yes,1799.38,1414.22,1.19,8.04,80,2026-01-01,23
ORD00296,CUST1502,Electronics,45153,5,Express,UPI,2,8,Not Returned,No,0.0,9030.6,1.99,5.82,50,2025-04-01,0
ORD00297,CUST7398,Clothing,15894,4,Standard,Debit Card,4,8,Not Returned,No,0.0,3178.8,2.26,9.33,42,2025-06-28,0
ORD00298,CUST8783,Beauty,32713,1,Standard,UPI,3,5,Wrong Item,Yes,3251.23,3291.37,1.72,7.98,48,2025-10-17,16
ORD00299,CUST4470,Electronics,7313,3,Express,PayPal,2,3,Not Returned,No,0.0,1462.6,0.87,13.77,41,2025-10-14,0
ORD00300,CUST4309,Home,9425,2,Standard,COD,1,9,Wrong Item,Yes,682.1,1202.9,1.32,14.85,86,2025-11-25,28
ORD00301,CUST6626,Electronics,52409,4,Standard,Debit Card,5,7,Not Returned,No,0.0,10481.8,1.8,5.69,42,2025-10-13,0
ORD00302,CUST3417,Electronics,40637,4,Same Day,PayPal,3,6,Not Returned,No,0.0,8127.4,1.4,15.05,56,2025-06-12,0
ORD00303,CUST6168,Clothing,31636,3,Same Day,Debit Card,3,8,Not Returned,No,0.0,6327.2,1.73,1.28,66,2025-04-04,0
ORD00304,CUST3313,Books,12751,3,Same Day,PayPal,2,4,Changed Mind,Yes,2426.66,123.54,1.22,11.98,77,2025-08-18,5
ORD00305,CUST1834,Books,43951,3,Express,COD,1,7,Not Returned,No,0.0,8790.2,0.8,11.32,60,2025-03-20,0
ORD00306,CUST7180,Electronics,22207,3,Same Day,Debit Card,2,6,Not Returned,No,0.0,4441.4,1.35,5.29,81,2025-09-01,0
ORD00307,CUST7854,Home,29266,4,Same Day,PayPal,4,8,Damaged,Yes,4956.69,896.51,0.66,6.28,56,2025-10-24,28
ORD00308,CUST2404,Books,38442,4,Standard,Credit Card,5,2,Not Returned,No,0.0,7688.4,1.61,16.15,68,2025-08-05,0
ORD00309,CUST2812,Sports,58678,1,Standard,COD,3,9,Not Returned,No,0.0,11735.6,1.43,10.48,99,2025-03-13,0
ORD00310,CUST1601,Books,46470,5,Same Day,UPI,2,4,Not Returned,No,0.0,9294.0,0.56,8.2,51,2025-12-29,0
ORD00311,CUST1808,Electronics,28188,3,Standard,Credit Card,4,5,Not Returned,No,0.0,5637.6,1.29,8.06,66,2025-01-23,0
ORD00312,CUST8159,Clothing,50223,2,Standard,COD,3,10,Not Returned,No,0.0,10044.6,1.57,5.99,65,2025-03-18,0
ORD00313,CUST4141,Sports,43568,4,Standard,UPI,5,7,Not Returned,No,0.0,8713.6,0.96,16.27,59,2025-12-03,0
ORD00314,CUST3462,Beauty,33272,2,Standard,Credit Card,1,3,Not Returned,No,0.0,6654.4,2.48,19.6,40,2025-05-01,0
ORD00315,CUST6389,Electronics,19942,5,Same Day,Debit Card,4,10,Not Returned,No,0.0,3988.4,0.38,6.61,56,2025-09-07,0
ORD00316,CUST5004,Books,48579,4,Same Day,Debit Card,5,3,Not Returned,No,0.0,9715.8,1.48,6.36,88,2025-06-13,0
ORD00317,CUST2180,Sports,32592,4,Standard,Debit Card,4,2,Not Returned,No,0.0,6518.4,1.36,15.79,82,2025-10-06,0
ORD00318,CUST4647,Beauty,58974,5,Same Day,COD,1,9,Wrong Item,Yes,3846.55,7948.25,0.43,7.95,62,2025-10-11,3
ORD00319,CUST9529,Beauty,48425,4,Same Day,PayPal,1,7,Not Returned,No,0.0,9685.0,2.22,17.79,86,2025-07-21,0
ORD00320,CUST7099,Electronics,23057,5,Express,UPI,3,8,Late Delivery,Yes,3810.34,801.06,0.94,0.57,90,2025-10-15,22
ORD00321,CUST4452,Books,44721,5,Standard,COD,4,8,Not Returned,No,0.0,8944.2,1.41,1.18,82,2025-01-06,0
ORD00322,CUST1818,Books,50745,5,Standard,Debit Card,2,4,Not Returned,No,0.0,10149.0,1.33,16.57,57,2025-07-02,0
ORD00323,CUST2704,Beauty,30125,5,Standard,Debit Card,3,10,Not Returned,No,0.0,6025.0,1.61,12.97,87,2025-02-26,0
ORD00324,CUST8638,Home,36133,1,Same Day,PayPal,1,2,Not Returned,No,0.0,7226.6,1.74,3.98,64,2025-10-29,0
ORD00325,CUST9169,Beauty,14522,3,Standard,UPI,4,2,Not Returned,No,0.0,2904.4,2.07,6.74,76,2025-01-16,0
ORD00326,CUST5891,Clothing,40504,5,Express,COD,2,1,Not Returned,No,0.0,8100.8,0.4,18.0,80,2025-02-09,0
ORD00327,CUST7511,Sports,22110,4,Standard,Debit Card,5,4,Not Returned,No,0.0,4422.0,2.38,13.26,42,2025-05-22,0
ORD00328,CUST7299,Clothing,35050,4,Express,Debit Card,4,2,Damaged,Yes,6470.74,539.26,1.28,2.84,73,2025-10-15,29
ORD00329,CUST6394,Home,35239,1,Standard,COD,5,10,Late Delivery,Yes,1918.81,5128.99,0.12,7.08,71,2025-07-06,15
ORD00330,CUST9478,Clothing,18630,1,Same Day,Debit Card,4,1,Damaged,Yes,2839.77,886.23,2.11,6.44,53,2025-04-20,30
ORD00331,CUST8040,Home,49842,4,Standard,UPI,2,5,Late Delivery,Yes,3527.12,6441.28,0.44,1.02,64,2025-09-24,22
ORD00332,CUST1701,Sports,21113,1,Express,Debit Card,5,8,Not Returned,No,0.0,4222.6,2.18,12.68,92,2025-11-22,0
ORD00333,CUST7830,Sports,24701,1,Express,Credit Card,4,4,Late Delivery,Yes,3998.13,942.07,1.79,14.44,91,2025-07-13,25
ORD00334,CUST9098,Home,36677,3,Express,PayPal,5,6,Not Returned,No,0.0,7335.4,1.06,9.25,85,2025-12-20,0
ORD00335,CUST9339,Home,9324,5,Same Day,PayPal,4,5,Not Returned,No,0.0,1864.8,0.18,19.87,45,2025-11-19,0
ORD00336,CUST3960,Electronics,43913,5,Same Day,Debit Card,1,2,Not Returned,No,0.0,8782.6,2.02,11.18,45,2025-06-22,0
ORD00337,CUST4618,Sports,9732,2,Express,COD,5,10,Not Returned,No,0.0,1946.4,1.94,14.83,94,2025-07-14,0
ORD00338,CUST2029,Clothing,26866,2,Express,UPI,1,9,Not Returned,No,0.0,5373.2,1.4,11.65,51,2025-11-20,0
ORD00339,CUST7564,Beauty,37286,3,Standard,UPI,5,4,Not Returned,No,0.0,7457.2,0.18,14.89,43,2025-10-26,0
ORD00340,CUST2737,Books,11181,1,Same Day,Debit Card,1,3,Not Returned,No,0.0,2236.2,0.7,17.63,41,2025-10-01,0
ORD00341,CUST1691,Clothing,52558,4,Standard,COD,5,4,Not Returned,No,0.0,10511.6,1.51,18.31,73,2025-09-08,0
ORD00342,CUST9563,Home,58760,4,Standard,COD,3,2,Not Returned,No,0.0,11752.0,0.93,11.75,46,2025-09-05,0
ORD00343,CUST8193,Clothing,57944,1,Express,UPI,2,2,Not Returned,No,0.0,11588.8,1.86,2.58,77,2025-12-29,0
ORD00344,CUST6193,Electronics,29092,5,Standard,Debit Card,1,6,Not Returned,No,0.0,5818.4,0.62,7.07,64,2025-11-06,0
ORD00345,CUST5333,Books,8846,3,Express,COD,2,7,Late Delivery,Yes,1675.8,93.4,0.3,11.16,86,2025-11-15,16
ORD00346,CUST4203,Electronics,32651,1,Express,PayPal,4,6,Not Returned,No,0.0,6530.2,0.88,15.44,83,2025-05-10,0
ORD00347,CUST9736,Home,25737,3,Express,COD,2,1,Damaged,Yes,4878.01,269.39,2.49,8.53,50,2025-11-23,21
ORD00348,CUST9392,Electronics,22143,3,Standard,PayPal,1,5,Not Returned,No,0.0,4428.6,0.5,17.12,83,2025-08-18,0
ORD00349,CUST9182,Electronics,49000,1,Express,PayPal,2,2,Not Returned,No,0.0,9800.0,1.13,15.12,99,2025-04-13,0
ORD00350,CUST9119,Sports,48589,1,Express,UPI,3,8,Not Returned,No,0.0,9717.8,0.88,11.31,41,2025-10-12,0
ORD00351,CUST2464,Books,56614,3,Express,COD,4,8,Late Delivery,Yes,9178.52,2144.28,2.36,10.98,81,2025-12-02,12
ORD00352,CUST2579,Books,3767,5,Express,Credit Card,4,6,Not Returned,No,0.0,753.4,2.41,7.0,77,2025-06-16,0
ORD00353,CUST9101,Clothing,30368,2,Standard,Credit Card,3,10,Not Returned,No,0.0,6073.6,0.19,5.37,61,2025-07-18,0
ORD00354,CUST6633,Books,30675,5,Express,PayPal,5,9,Late Delivery,Yes,3520.4,2614.6,1.54,16.31,81,2025-04-02,10
ORD00355,CUST5321,Sports,8085,4,Express,COD,2,4,Wrong Item,Yes,652.67,964.33,0.86,15.76,61,2025-06-06,29
ORD00356,CUST3695,Clothing,45018,3,Same Day,PayPal,5,9,Not Returned,No,0.0,9003.6,1.0,11.73,91,2025-03-22,0
ORD00357,CUST9025,Home,18907,3,Express,UPI,5,5,Not Returned,No,0.0,3781.4,0.82,11.67,98,2025-01-26,0
ORD00358,CUST6611,Clothing,10650,3,Same Day,PayPal,2,8,Wrong Item,Yes,1234.43,895.57,1.64,11.03,78,2025-11-11,29
ORD00359,CUST3086,Beauty,46350,1,Same Day,Credit Card,2,10,Wrong Item,Yes,7782.26,1487.74,0.3,10.61,68,2025-04-21,29
ORD00360,CUST7218,Books,19036,4,Express,Credit Card,1,6,Not Returned,No,0.0,3807.2,0.12,12.65,95,2025-05-25,0
ORD00361,CUST3639,Books,49938,5,Standard,COD,3,7,Late Delivery,Yes,9518.85,468.75,0.1,5.93,56,2025-10-08,23
ORD00362,CUST7525,Beauty,37900,5,Same Day,Debit Card,3,5,Late Delivery,Yes,4398.45,3181.55,1.51,2.85,94,2025-11-16,10
ORD00363,CUST4856,Home,51928,5,Standard,Debit Card,2,9,Not Returned,No,0.0,10385.6,0.64,12.07,72,2025-01-10,0
ORD00364,CUST5292,Clothing,22126,1,Standard,PayPal,5,9,Not Returned,No,0.0,4425.2,2.29,8.54,54,2025-07-06,0
ORD00365,CUST9017,Electronics,6237,4,Same Day,COD,1,7,Late Delivery,Yes,772.54,474.86,1.04,11.68,76,2025-05-15,16
ORD00366,CUST4778,Home,2758,3,Express,PayPal,1,6,Not Returned,No,0.0,551.6,0.49,18.86,49,2025-04-26,0
ORD00367,CUST2570,Clothing,1503,2,Express,COD,5,6,Not Returned,No,0.0,300.6,2.12,15.95,75,2025-04-01,0
ORD00368,CUST5688,Home,36604,1,Express,Credit Card,4,4,Not Returned,No,0.0,7320.8,1.83,9.03,53,2025-06-21,0
ORD00369,CUST9174,Electronics,27833,1,Express,Debit Card,4,7,Not Returned,No,0.0,5566.6,0.42,13.32,71,2025-03-23,0
ORD00370,CUST4759,Home,29807,4,Standard,Debit Card,3,9,Not Returned,No,0.0,5961.4,0.12,6.24,100,2025-09-02,0
ORD00371,CUST7294,Home,12595,1,Standard,Credit Card,3,6,Not Returned,No,0.0,2519.0,0.63,1.6,53,2025-10-29,0
ORD00372,CUST9343,Books,42804,4,Express,PayPal,1,9,Changed Mind,Yes,3701.95,4858.85,2.12,1.35,66,2025-04-28,26
ORD00373,CUST8978,Home,37809,4,Standard,Credit Card,4,2,Not Returned,No,0.0,7561.8,0.22,6.99,42,2025-07-09,0
ORD00374,CUST9946,Beauty,43632,4,Standard,UPI,3,8,Damaged,Yes,4786.04,3940.36,1.86,16.01,51,2025-06-14,9
ORD00375,CUST9881,Books,28836,5,Express,UPI,1,7,Not Returned,No,0.0,5767.2,0.75,6.21,60,2025-03-07,0
ORD00376,CUST3077,Sports,19640,2,Standard,UPI,4,4,Not Returned,No,0.0,3928.0,1.34,17.86,75,2025-05-27,0
ORD00377,CUST5228,Sports,59244,4,Standard,PayPal,4,9,Late Delivery,Yes,7341.55,4507.25,0.31,11.1,99,2025-08-25,30
ORD00378,CUST8510,Beauty,24980,2,Same Day,COD,1,8,Not Returned,No,0.0,4996.0,0.98,3.77,45,2025-02-17,0
ORD00379,CUST2086,Sports,41252,3,Standard,Credit Card,3,9,Changed Mind,Yes,6306.07,1944.33,1.18,3.16,50,2025-05-13,16
ORD00380,CUST5709,Books,43439,1,Express,Debit Card,1,8,Late Delivery,Yes,6328.81,2358.99,1.38,3.37,100,2025-11-04,30
ORD00381,CUST4837,Clothing,14602,2,Same Day,Credit Card,2,2,Not Returned,No,0.0,2920.4,0.97,8.57,41,2025-03-07,0
ORD00382,CUST6664,Clothing,16066,5,Express,Debit Card,3,1,Not Returned,No,0.0,3213.2,1.36,17.67,41,2025-10-26,0
ORD00383,CUST2613,Beauty,36058,5,Same Day,Debit Card,3,5,Not Returned,No,0.0,7211.6,2.05,9.68,41,2025-06-25,0
ORD00384,CUST4552,Clothing,1213,3,Same Day,Debit Card,2,10,Damaged,Yes,76.3,166.3,0.35,11.86,97,2025-10-14,28
ORD00385,CUST8664,Sports,53843,1,Express,Debit Card,4,8,Not Returned,No,0.0,10768.6,2.32,8.33,90,2025-01-22,0
ORD00386,CUST7674,Beauty,34365,4,Express,UPI,3,6,Not Returned,No,0.0,6873.0,0.7,5.33,43,2025-03-19,0
ORD00387,CUST4934,Clothing,12485,1,Express,Debit Card,1,9,Wrong Item,Yes,1206.59,1290.41,1.19,3.06,75,2025-10-10,9
ORD00388,CUST4482,Electronics,48762,3,Same Day,COD,4,8,Not Returned,No,0.0,9752.4,1.52,19.96,44,2025-12-05,0
ORD00389,CUST1208,Beauty,24950,4,Standard,Credit Card,1,8,Not Returned,No,0.0,4990.0,1.46,9.57,64,2025-09-04,0
ORD00390,CUST7905,Beauty,32845,5,Same Day,Credit Card,1,6,Wrong Item,Yes,3219.22,3349.78,2.1,7.4,52,2025-10-23,19
ORD00391,CUST5103,Electronics,47635,3,Standard,COD,4,1,Wrong Item,Yes,3007.15,6519.85,0.37,18.58,70,2025-08-24,22
ORD00392,CUST2062,Home,35167,1,Standard,PayPal,3,4,Not Returned,No,0.0,7033.4,0.4,0.71,94,2025-07-04,0
ORD00393,CUST5155,Sports,45190,5,Standard,Credit Card,5,2,Not Returned,No,0.0,9038.0,0.19,17.62,99,2025-08-30,0
ORD00394,CUST8799,Sports,43071,2,Standard,UPI,5,5,Not Returned,No,0.0,8614.2,0.81,5.91,45,2025-10-24,0
ORD00395,CUST3907,Electronics,51700,5,Express,UPI,1,1,Not Returned,No,0.0,10340.0,0.16,19.37,72,2025-01-03,0
ORD00396,CUST6631,Beauty,58516,3,Same Day,UPI,5,4,Late Delivery,Yes,6747.47,4955.73,0.25,19.65,73,2025-07-21,8
ORD00397,CUST7655,Beauty,46469,5,Same Day,UPI,2,2,Not Returned,No,0.0,9293.8,0.48,7.11,77,2025-05-30,0
ORD00398,CUST4808,Electronics,37221,5,Express,PayPal,2,6,Not Returned,No,0.0,7444.2,0.27,14.97,48,2025-01-05,0
ORD00399,CUST8221,Beauty,44284,4,Standard,UPI,3,3,Not Returned,No,0.0,8856.8,0.7,16.49,40,2025-11-05,0
ORD00400,CUST1722,Electronics,50604,3,Standard,Credit Card,3,3,Not Returned,No,0.0,10120.8,2.18,15.6,73,2025-04-23,0
ORD00401,CUST6270,Beauty,6887,4,Standard,UPI,2,1,Not Returned,No,0.0,1377.4,0.49,17.63,87,2025-07-26,0
ORD00402,CUST9432,Clothing,4064,2,Express,PayPal,4,3,Not Returned,No,0.0,812.8,0.72,17.05,56,2025-03-31,0
ORD00403,CUST3813,Home,18335,1,Same Day,UPI,3,1,Changed Mind,Yes,1594.72,2072.28,1.4,10.73,53,2025-02-08,11
ORD00404,CUST5633,Sports,12386,2,Same Day,UPI,4,4,Changed Mind,Yes,1557.49,919.71,1.88,11.35,72,2025-09-26,13
ORD00405,CUST5257,Sports,616,2,Express,PayPal,2,9,Not Returned,No,0.0,123.2,0.42,18.48,78,2025-07-31,0
ORD00406,CUST6816,Sports,9061,5,Standard,Debit Card,4,2,Not Returned,No,0.0,1812.2,2.44,6.13,87,2025-10-17,0
ORD00407,CUST7601,Beauty,58003,1,Standard,PayPal,4,10,Damaged,Yes,4101.62,7498.98,1.21,19.98,93,2025-12-29,13
ORD00408,CUST5782,Sports,53183,4,Standard,UPI,5,5,Not Returned,No,0.0,10636.6,0.56,14.89,79,2025-08-04,0
ORD00409,CUST2110,Electronics,7867,2,Standard,UPI,2,6,Not Returned,No,0.0,1573.4,0.23,14.53,91,2025-10-12,0
ORD00410,CUST3485,Clothing,19118,5,Standard,Debit Card,3,3,Not Returned,No,0.0,3823.6,1.08,11.64,87,2025-04-28,0
ORD00411,CUST4564,Home,36005,5,Same Day,UPI,4,6,Not Returned,No,0.0,7201.0,2.05,17.06,81,2025-07-25,0
ORD00412,CUST6106,Sports,5188,5,Same Day,UPI,2,9,Not Returned,No,0.0,1037.6,0.98,3.21,93,2025-08-22,0
ORD00413,CUST5537,Home,28199,2,Standard,Credit Card,5,1,Not Returned,No,0.0,5639.8,0.41,10.97,74,2025-02-14,0
ORD00414,CUST9875,Home,4392,5,Express,UPI,3,1,Not Returned,No,0.0,878.4,1.86,6.44,74,2025-10-20,0
ORD00415,CUST5980,Books,45377,2,Express,Credit Card,2,9,Not Returned,No,0.0,9075.4,2.33,11.63,57,2025-12-06,0
ORD00416,CUST7720,Clothing,54356,4,Standard,Debit Card,4,8,Not Returned,No,0.0,10871.2,1.63,10.97,69,2025-03-09,0
ORD00417,CUST8531,Books,29836,1,Standard,Credit Card,4,3,Late Delivery,Yes,3501.11,2466.09,0.31,7.04,57,2025-09-17,24
ORD00418,CUST4752,Sports,9542,3,Same Day,Debit Card,3,8,Not Returned,No,0.0,1908.4,1.83,15.47,59,2025-12-22,0
ORD00419,CUST5362,Sports,15872,5,Standard,Debit Card,2,8,Damaged,Yes,1898.66,1275.74,1.25,14.32,74,2025-03-28,6
ORD00420,CUST9003,Beauty,37233,4,Express,Debit Card,3,2,Not Returned,No,0.0,7446.6,0.72,11.21,67,2025-08-25,0
ORD00421,CUST5317,Beauty,19365,5,Same Day,PayPal,2,6,Not Returned,No,0.0,3873.0,0.8,5.34,72,2025-12-10,0
ORD00422,CUST2422,Sports,48544,1,Express,PayPal,5,5,Not Returned,No,0.0,9708.8,1.76,19.36,70,2025-09-09,0
ORD00423,CUST4715,Home,434,3,Express,Debit Card,5,2,Not Returned,No,0.0,86.8,0.58,5.7,86,2025-11-08,0
ORD00424,CUST1073,Home,36184,3,Same Day,Debit Card,4,8,Not Returned,No,0.0,7236.8,1.1,13.99,85,2025-10-20,0
ORD00425,CUST7660,Home,25142,2,Same Day,COD,4,2,Not Returned,No,0.0,5028.4,0.61,11.79,80,2025-12-12,0
ORD00426,CUST4585,Books,47501,3,Same Day,COD,2,5,Not Returned,No,0.0,9500.2,2.49,6.96,89,2025-09-08,0
ORD00427,CUST6389,Sports,55812,4,Standard,UPI,4,2,Not Returned,No,0.0,11162.4,1.69,16.15,75,2025-04-05,0
ORD00428,CUST9224,Home,37420,5,Same Day,UPI,1,9,Not Returned,No,0.0,7484.0,0.38,17.43,100,2025-06-13,0
ORD00429,CUST9702,Beauty,11076,4,Express,COD,2,6,Not Returned,No,0.0,2215.2,1.12,18.23,74,2025-03-02,0
ORD00430,CUST9037,Electronics,28712,1,Express,COD,2,6,Damaged,Yes,2846.78,2895.62,2.23,0.79,55,2025-08-31,11
ORD00431,CUST7585,Beauty,29238,2,Same Day,PayPal,1,4,Not Returned,No,0.0,5847.6,1.79,11.08,83,2025-06-14,0
ORD00432,CUST4761,Sports,23967,5,Standard,COD,4,4,Wrong Item,Yes,2389.15,2404.25,1.56,0.54,60,2025-07-02,9
ORD00433,CUST3071,Books,54484,3,Standard,Debit Card,5,7,Not Returned,No,0.0,10896.8,1.67,8.72,73,2025-12-18,0
ORD00434,CUST5937,Sports,8445,5,Standard,COD,3,6,Not Returned,No,0.0,1689.0,1.78,17.27,55,2025-01-11,0
ORD00435,CUST3779,Electronics,58023,1,Standard,PayPal,5,2,Not Returned,No,0.0,11604.6,0.5,15.28,88,2025-12-21,0
ORD00436,CUST8535,Sports,19817,1,Standard,UPI,3,1,Not Returned,No,0.0,3963.4,0.32,1.84,61,2025-05-14,0
ORD00437,CUST9428,Beauty,3262,2,Standard,COD,5,3,Not Returned,No,0.0,652.4,0.11,13.27,86,2025-11-16,0
ORD00438,CUST6984,Electronics,30107,2,Express,PayPal,2,10,Wrong Item,Yes,4757.07,1264.33,2.15,18.42,53,2025-06-03,19
ORD00439,CUST7152,Home,18949,2,Standard,Debit Card,3,10,Not Returned,No,0.0,3789.8,1.49,17.94,98,2025-10-22,0
ORD00440,CUST8267,Beauty,33221,5,Express,Credit Card,5,8,Late Delivery,Yes,2487.73,4156.47,1.04,7.6,72,2025-05-19,17
ORD00441,CUST1489,Home,3460,3,Standard,UPI,5,8,Not Returned,No,0.0,692.0,2.34,13.33,88,2025-04-23,0
ORD00442,CUST8876,Sports,11448,4,Express,Debit Card,4,7,Not Returned,No,0.0,2289.6,1.33,4.44,48,2025-05-23,0
ORD00443,CUST6130,Clothing,28818,1,Same Day,COD,2,1,Not Returned,No,0.0,5763.6,1.51,10.6,79,2025-12-04,0
ORD00444,CUST7087,Clothing,2937,1,Same Day,PayPal,5,6,Wrong Item,Yes,228.18,359.22,1.7,5.57,92,2025-04-02,27
ORD00445,CUST3692,Beauty,18715,1,Standard,Debit Card,5,5,Not Returned,No,0.0,3743.0,2.21,13.33,74,2025-10-16,0
ORD00446,CUST6887,Clothing,3767,4,Express,PayPal,1,3,Not Returned,No,0.0,753.4,1.36,17.76,90,2025-11-27,0
ORD00447,CUST9703,Books,4241,4,Standard,Credit Card,5,8,Not Returned,No,0.0,848.2,0.2,15.55,94,2025-07-01,0
ORD00448,CUST5210,Sports,21757,4,Standard,UPI,4,3,Not Returned,No,0.0,4351.4,1.03,1.14,84,2025-04-06,0
ORD00449,CUST6032,Sports,40587,5,Same Day,PayPal,5,6,Not Returned,No,0.0,8117.4,1.49,18.82,73,2025-11-21,0
ORD00450,CUST3626,Beauty,12469,4,Same Day,Debit Card,2,9,Wrong Item,Yes,2150.3,343.5,2.25,3.37,63,2025-08-05,15
ORD00451,CUST2388,Home,56337,3,Express,Credit Card,3,8,Not Returned,No,0.0,11267.4,1.92,14.8,100,2025-09-23,0
ORD00452,CUST4811,Beauty,7342,3,Same Day,UPI,4,3,Not Returned,No,0.0,1468.4,0.67,10.51,90,2025-08-24,0
ORD00453,CUST8346,Home,1281,4,Same Day,UPI,2,4,Not Returned,No,0.0,256.2,2.24,6.8,92,2025-03-21,0
ORD00454,CUST4656,Clothing,8642,4,Same Day,UPI,5,7,Not Returned,No,0.0,1728.4,1.25,14.67,54,2025-02-14,0
ORD00455,CUST6136,Clothing,11726,2,Same Day,Debit Card,2,2,Not Returned,No,0.0,2345.2,1.45,4.21,41,2025-11-19,0
ORD00456,CUST2989,Clothing,54976,1,Express,Credit Card,3,6,Not Returned,No,0.0,10995.2,1.49,14.53,50,2025-06-15,0
ORD00457,CUST3416,Beauty,7956,3,Same Day,PayPal,1,2,Damaged,Yes,1539.23,51.97,0.93,12.57,93,2025-05-03,23
ORD00458,CUST1125,Clothing,39725,5,Same Day,UPI,5,8,Damaged,Yes,3356.13,4588.87,0.94,4.56,95,2025-07-01,23
ORD00459,CUST4221,Books,46165,1,Same Day,Credit Card,2,4,Not Returned,No,0.0,9233.0,1.31,17.23,93,2025-12-05,0
ORD00460,CUST6649,Home,5931,4,Express,Debit Card,2,6,Not Returned,No,0.0,1186.2,2.21,0.69,67,2025-11-02,0
ORD00461,CUST8046,Books,859,3,Standard,COD,1,6,Not Returned,No,0.0,171.8,1.97,5.7,44,2025-01-07,0
ORD00462,CUST5754,Books,32705,5,Express,UPI,1,8,Not Returned,No,0.0,6541.0,0.23,10.99,85,2025-09-12,0
ORD00463,CUST8989,Books,54266,5,Same Day,Credit Card,4,6,Not Returned,No,0.0,10853.2,0.13,18.9,49,2025-12-19,0
ORD00464,CUST6805,Sports,29744,5,Express,Debit Card,1,3,Wrong Item,Yes,3292.6,2656.2,1.12,4.31,77,2025-11-19,30
ORD00465,CUST8011,Electronics,3135,3,Same Day,COD,2,9,Not Returned,No,0.0,627.0,0.47,9.0,86,2025-06-19,0
ORD00466,CUST6757,Home,6697,4,Same Day,COD,3,10,Changed Mind,Yes,579.28,760.12,0.47,0.98,97,2025-04-10,21
ORD00467,CUST3892,Home,46250,1,Same Day,Credit Card,1,10,Not Returned,No,0.0,9250.0,1.1,14.63,70,2025-11-13,0
ORD00468,CUST3983,Home,51650,1,Express,PayPal,3,5,Changed Mind,Yes,6337.17,3992.83,0.23,17.29,94,2025-05-12,23
ORD00469,CUST7340,Beauty,47468,5,Same Day,UPI,1,6,Changed Mind,Yes,7542.37,1951.23,2.31,5.95,96,2025-05-05,24
ORD00470,CUST1736,Sports,19870,2,Standard,Debit Card,2,9,Not Returned,No,0.0,3974.0,2.27,4.89,80,2025-10-05,0
ORD00471,CUST6434,Clothing,7768,4,Express,PayPal,3,4,Not Returned,No,0.0,1553.6,1.37,17.96,49,2025-03-15,0
ORD00472,CUST9463,Sports,36276,2,Express,Debit Card,4,1,Not Returned,No,0.0,7255.2,2.35,10.92,45,2025-11-23,0
ORD00473,CUST3555,Books,21612,4,Express,COD,4,5,Not Returned,No,0.0,4322.4,0.73,16.36,68,2025-05-23,0
ORD00474,CUST5012,Beauty,59320,1,Same Day,UPI,4,3,Not Returned,No,0.0,11864.0,0.12,17.93,57,2025-09-21,0
ORD00475,CUST8512,Books,47956,1,Same Day,Credit Card,3,2,Not Returned,No,0.0,9591.2,0.21,10.95,85,2025-01-14,0
ORD00476,CUST1856,Beauty,15152,1,Standard,COD,4,5,Not Returned,No,0.0,3030.4,1.52,11.46,89,2025-08-03,0
ORD00477,CUST1487,Beauty,50032,3,Same Day,UPI,4,10,Not Returned,No,0.0,10006.4,0.6,16.27,55,2025-08-27,0
ORD00478,CUST2394,Home,57345,4,Express,Credit Card,4,4,Not Returned,No,0.0,11469.0,2.07,18.1,58,2025-08-01,0
ORD00479,CUST3981,Sports,20436,3,Same Day,Credit Card,3,8,Not Returned,No,0.0,4087.2,0.12,18.96,73,2025-08-25,0
ORD00480,CUST8637,Electronics,58721,5,Express,PayPal,3,8,Not Returned,No,0.0,11744.2,1.59,5.75,58,2025-02-15,0
ORD00481,CUST2951,Electronics,2210,3,Same Day,Debit Card,1,8,Not Returned,No,0.0,442.0,1.51,11.95,85,2025-09-16,0
ORD00482,CUST8839,Electronics,40262,5,Standard,UPI,1,3,Not Returned,No,0.0,8052.4,0.27,15.24,41,2025-08-17,0
ORD00483,CUST2960,Sports,12799,2,Express,Credit Card,1,6,Not Returned,No,0.0,2559.8,0.22,8.39,61,2025-10-20,0
ORD00484,CUST1157,Sports,14277,4,Express,COD,5,3,Not Returned,No,0.0,2855.4,2.24,11.72,51,2025-08-04,0
ORD00485,CUST6128,Beauty,58190,2,Express,COD,4,8,Not Returned,No,0.0,11638.0,1.77,17.0,83,2025-06-01,0
ORD00486,CUST3808,Beauty,3697,5,Standard,COD,3,8,Not Returned,No,0.0,739.4,2.15,14.14,43,2025-07-31,0
ORD00487,CUST1724,Clothing,34639,5,Express,Debit Card,3,7,Not Returned,No,0.0,6927.8,0.41,17.39,72,2025-12-18,0
ORD00488,CUST1531,Home,40345,4,Standard,Debit Card,3,3,Not Returned,No,0.0,8069.0,2.33,4.9,43,2025-08-17,0
ORD00489,CUST9626,Books,9524,2,Express,PayPal,5,3,Not Returned,No,0.0,1904.8,2.44,1.11,53,2025-02-13,0
ORD00490,CUST5467,Sports,6452,3,Standard,COD,2,7,Changed Mind,Yes,524.74,765.66,1.54,14.03,84,2025-03-03,24
ORD00491,CUST4661,Beauty,50011,5,Express,Credit Card,1,3,Not Returned,No,0.0,10002.2,1.09,16.25,72,2025-05-15,0
ORD00492,CUST2527,Clothing,11813,4,Express,Debit Card,1,1,Not Returned,No,0.0,2362.6,1.19,10.95,43,2025-01-02,0
ORD00493,CUST3034,Electronics,5804,1,Same Day,UPI,2,2,Not Returned,No,0.0,1160.8,0.85,18.11,85,2025-07-20,0
ORD00494,CUST2670,Books,3602,3,Same Day,COD,1,4,Not Returned,No,0.0,720.4,2.39,17.21,86,2025-01-24,0
ORD00495,CUST2523,Beauty,8043,3,Standard,PayPal,1,6,Wrong Item,Yes,1101.6,507.0,1.91,16.07,41,2025-07-04,21
ORD00496,CUST5747,Electronics,23473,1,Same Day,PayPal,3,6,Not Returned,No,0.0,4694.6,1.79,11.06,56,2025-12-09,0
ORD00497,CUST1404,Books,44440,3,Standard,Debit Card,2,2,Not Returned,No,0.0,8888.0,0.34,2.68,71,2025-10-07,0
ORD00498,CUST7892,Beauty,9341,4,Standard,COD,3,8,Late Delivery,Yes,1363.29,504.91,1.96,14.29,54,2025-05-22,29
ORD00499,CUST4999,Sports,4372,4,Express,UPI,2,10,Not Returned,No,0.0,874.4,2.05,2.75,83,2025-08-18,0
ORD00500,CUST7664,Electronics,5776,3,Standard,UPI,2,4,Not Returned,No,0.0,1155.2,1.25,9.41,82,2025-07-06,0
